Workbook

Sheet IMH & sutter
A1: Facility Code | B1: Database | C1: Server | D1: Site
A2: A116 | B2: TranA116 | C2: AHS-A2RSAS03.extapp.local | D2: IMH
A3: A118 | B3: TranA118 | C3: AHS-A2RSAS03.extapp.local | D3: IMH
A4: A120 | B4: TranA120 | C4: AHS-A2RSAS03.extapp.local | D4: IMH
A5: A122 | B5: TranA122 | C5: AHS-A2RSAS03.extapp.local | D5: IMH
A6: A125 | B6: TranA125 | C6: AHS-A2RSAS03.extapp.local | D6: IMH
A7: A126 | B7: TranA126 | C7: AHS-A2RSAS03.extapp.local | D7: IMH
A8: A127 | B8: TranA127 | C8: AHS-A2RSAS03.extapp.local | D8: IMH
A9: A128 | B9: TranA128 | C9: AHS-A2RSAS03.extapp.local | D9: IMH
A10: A129 | B10: TranA129 | C10: AHS-A2RSAS03.extapp.local | D10: IMH
A11: A130 | B11: TranA130 | C11: AHS-A2RSAS03.extapp.local | D11: IMH
A12: A132 | B12: TranA132 | C12: AHS-A2RSAS03.extapp.local | D12: IMH
... A89: SCPC | B89: TranSCPC | C89: ALPA2ATRN43.extapp.local | D89: Sutter

Sheet ASC_IMH
A1: Facility Code | B1: Data Bases | C1: Server Name | D1: Site Name
A2: A116 | B2: TranA116 | C2: AHS-A2RSAS03.extapp.local | D2: IMH
A3: A118 | B3: TranA118 | C3: AHS-A2RSAS03.extapp.local | D3: IMH
A4: A120 | B4: TranA120 | C4: AHS-A2RSAS03.extapp.local | D4: IMH
A5: A122 | B5: TranA122 | C5: AHS-A2RSAS03.extapp.local | D5: IMH
A6: A124 | B6: TranA124 | C6: AHS-A2RSAS03.extapp.local | D6: IMH
A7: A125 | B7: TranA125 | C7: AHS-A2RSAS03.extapp.local | D7: IMH
A8: A126 | B8: TranA126 | C8: AHS-A2RSAS03.extapp.local | D8: IMH
A9: A127 | B9: TranA127 | C9: AHS-A2RSAS03.extapp.local | D9: IMH
A10: A128 | B10: TranA128 | C10: AHS-A2RSAS03.extapp.local | D10: IMH
A11: A129 | B11: TranA129 | C11: AHS-A2RSAS03.extapp.local | D11: IMH
A12: A130 | B12: TranA130 | C12: AHS-A2RSAS03.extapp.local | D12: IMH
... A311: E154 | B311: TranE154 | C311: AHS-A2ATRN01.extapp.local | D311: IMH

Sheet Baltimore
A1: Facility Code | B1: Data Bases | C1: Server Name | D1: Site Name
A2: SAMD | B2: TranSAMD | C2: ALPTRAN30.accretivehealth.local | D2: Baltimore

Sheet Tulsa
A1: Facility Code | B1: Data Bases | C1: Server Name | D1: Site Name
A2: BAOK | B2: TranBAOK | C2: AHS-TRAN18.accretivehealth.local | D2: Tulsa
A3: JPOK | B3: TranJPOK | C3: AHS-TRAN18.accretivehealth.local | D3: Tulsa
A4: MCOK | B4: TranMCOK | C4: AHS-TRAN18.accretivehealth.local | D4: Tulsa
A5: NHOK | B5: TranNHOK | C5: AHS-TRAN18.accretivehealth.local | D5: Tulsa
A6: OHOK | B6: TranOHOK | C6: AHS-TRAN18.accretivehealth.local | D6: Tulsa
A7: SPOK | B7: TranSPOK | C7: AHS-TRAN18.accretivehealth.local | D7: Tulsa

Sheet Amita
A1: Facility Code | B1: Data Bases | C1: Server Name | D1: Site Name
A2: ABIL | B2: TranABIL | C2: ALPTRAN33.accretivehealth.local | D2: Amita
A3: AGIL | B3: TranAGIL | C3: ALPTRAN33.accretivehealth.local | D3: AMITA
A4: AHIL | B4: TranAHIL | C4: ALPTRAN33.accretivehealth.local | D4: Amita
A5: ALIL | B5: TranALIL | C5: ALPTRAN33.accretivehealth.local | D5: Amita
A6: AMIL | B6: TranAMIL | C6: ALPTRAN33.accretivehealth.local | D6: Amita
A7: STIL | B7: TranSTIL | C7: ALPTRAN33.accretivehealth.local | D7: Amita
A8: AAIL | B8: TranAAIL | C8: ALPTRAN33.accretivehealth.local | D8: Amita
A9: HBIL | B9: TranHBIL | C9: ALPTRAN33.accretivehealth.local | D9: Amita
A10: SAIL | B10: TranSAIL | C10: ALPTRAN33.accretivehealth.local | D10: Amita

Sheet MCH
A1: Facility Code | B1: Data Bases | C1: Server Name | D1: Site Name
A2: MRTX | B2: TranMRTX | C2: AHS-TRAN14.accretivehealth.local | D2: MCH

Sheet Ascension
A1: Facility Code | B1: Data Bases | C1: Server Name | D1: Site
A2: AARX | B2: TranAARX | C2: ALPTRAN31.accretivehealth.local | D2: Indianapolis
A3: ABIL | B3: TranABIL | C3: ALPTRAN33.accretivehealth.local | D3: Amita
A4: AGIL | B4: TranAGIL | C4: ALPTRAN33.accretivehealth.local | D4: AMITA
A5: AHIL | B5: TranAHIL | C5: ALPTRAN33.accretivehealth.local | D5: Amita
A6: ALIL | B6: TranALIL | C6: ALPTRAN33.accretivehealth.local | D6: Amita
A7: AMIL | B7: TranAMIL | C7: ALPTRAN33.accretivehealth.local | D7: Amita
A8: ASIN | B8: TranASIN | C8: AHS-TRAN10.accretivehealth.local | D8: Indianapolis
A9: ASWI | B9: TranASWI | C9: ALPTRAN28.accretivehealth.local | D9: Wheaton
A10: BACC | B10: TranBACC | C10: AHS-TRAN19.accretivehealth.local | D10: Borgess
A11: BAOK | B11: TranBAOK | C11: AHS-TRAN18.accretivehealth.local | D11: Tulsa
A12: BHTN | B12: TranBHTN | C12: AHS-TRAN15.accretivehealth.local | D12: Nashville
... A250: LMMH | B250: TranLMMH | C250: AHS-TRAN11.accretivehealth.local | D250: Lifepoint

Sheet Expected
A1: Facility Code | B1: Data Bases | C1: Server Name | D1: Site Name
A2: ASWI | B2: TranASWI | C2: ALPTRAN28.accretivehealth.local | D2: Wheaton
A3: CAWI | B3: TranCAWI | C3: AHS-TRAN10.accretivehealth.local | D3: WI-Ministry
A4: CCWI | B4: TranCCWI | C4: AHS-TRAN14.accretivehealth.local | D4: Milwaukee
A5: CPWI | B5: TranCPWI | C5: ALPTRAN31.accretivehealth.local | D5: WI-Ministry
A6: EMWI | B6: TranEMWI | C6: ALPTRAN28.accretivehealth.local | D6: Wheaton
A7: ERWI | B7: TranERWI | C7: AHS-TRAN11.accretivehealth.local | D7: WI-Ministry
A8: FNWI | B8: TranFNWI | C8: ALPTRAN28.accretivehealth.local | D8: Wheaton
A9: HOWI | B9: TranHOWI | C9: AHS-TRAN12.accretivehealth.local | D9: WI-Ministry
A10: MCWI | B10: TranMCWI | C10: AHS-TRAN14.accretivehealth.local | D10: Milwaukee
A11: MEWI | B11: TranMEWI | C11: AHS-TRAN15.accretivehealth.local | D11: WI-Ministry
A12: MGWI | B12: TranMGWI | C12: AHS-TRAN01.accretivehealth.local | D12: WI-Ministry
... A54: LMMH | B54: TranLMMH | C54: AHS-TRAN11.accretivehealth.local | D54: Lifepoint

Sheet Austin
A1: Facility Code | B1: Data Bases | C1: Server Name | D1: Site
A2: BSTX | B2: TranBSTX | C2: ALPTRAN31.accretivehealth.local | D2: Austin
A3: DCTX | B3: TranDCTX | C3: ALPTRAN24.accretivehealth.local | D3: Austin
A4: DSTX | B4: TranDSTX | C4: ALPTRAN24.accretivehealth.local | D4: Austin
A5: EDTX | B5: TranEDTX | C5: ALPTRAN23.accretivehealth.local | D5: Austin
A6: HLTX | B6: TranHLTX | C6: ALPTRAN23.accretivehealth.local | D6: Austin
A7: HMTX | B7: TranHMTX | C7: ALPTRAN23.accretivehealth.local | D7: Austin
A8: MCTX | B8: TranMCTX | C8: ALPTRAN23.accretivehealth.local | D8: Austin
A9: PHTX | B9: TranPHTX | C9: ALPTRAN27.accretivehealth.local | D9: Austin
A10: RHTX | B10: TranRHTX | C10: ALPTRAN31.accretivehealth.local | D10: Austin
A11: SNTX | B11: TranSNTX | C11: ALPTRAN23.accretivehealth.local | D11: Austin
A12: SSTX | B12: TranSSTX | C12: ALPTRAN23.accretivehealth.local | D12: Austin
... A15: DCNT | B15: TranDCNT | C15: ALPTRAN40.accretivehealth.local | D15: Austin

Sheet Pennstate
A1: Facility Code | B1: Data Bases | C1: Server Name | D1: Site
A2: HMPA | B2: TranHMPA | C2: AHS-Tran16.accretivehealth.local | D2: Pennstate
A3: SMPA | B3: TranSMPA | C3: AHS-Tran16.accretivehealth.local | D3: Pennstate

Sheet Nashville
A1: Facility Code | B1: Data Bases | C1: Server Name | D1: Site
A2: BHTN | B2: TranBHTN | C2: AHS-TRAN15.accretivehealth.local | D2: Nashville
A3: MTTN | B3: TranMTTN | C3: AHS-TRAN15.accretivehealth.local | D3: Nashville
A4: RHTN | B4: TranRHTN | C4: ALPTRAN27.accretivehealth.local | D4: Nashville
A5: RPTN | B5: TranRPTN | C5: AHS-TRAN16.accretivehealth.local | D5: Nashville
A6: SDTN | B6: TranSDTN | C6: ALPTRAN27.accretivehealth.local | D6: Nashville
A7: STTN | B7: TranSTTN | C7: AHS-TRAN19.accretivehealth.local | D7: Nashville
A8: THTN | B8: TranTHTN | C8: ALPTRAN27.accretivehealth.local | D8: Nashville

Sheet Detroit
A1: Facility Code | B1: Data Bases | C1: Server Name | D1: Site
A2: CHMI | B2: TranCHMI | C2: ALPTRAN25.accretivehealth.local | D2: Detroit East
A3: SJMA | B3: TranSJMA | C3: AHS-TRAN01.accretivehealth.local | D3: Detroit East
A4: SJMC | B4: TranSJMC | C4: AHS-TRAN08.accretivehealth.local | D4: Detroit East
A5: SJOK | B5: TranSJOK | C5: AHS-TRAN01.accretivehealth.local | D5: Detroit East
A6: SJPK | B6: TranSJPK | C6: AHS-TRAN20.accretivehealth.local | D6: Detroit West
A7: SJPR | B7: TranSJPR | C7: AHS-TRAN20.accretivehealth.local | D7: Detroit West
A8: SJRD | B8: TranSJRD | C8: AHS-TRAN01.accretivehealth.local | D8: Detroit East

Sheet IMH
A1: Facility Code | B1: Database | C1: Server | D1: Site
A2: A116 | B2: TranA116 | C2: AHS-A2RSAS03.extapp.local | D2: IMH
A3: A118 | B3: TranA118 | C3: AHS-A2RSAS03.extapp.local | D3: IMH
A4: A120 | B4: TranA120 | C4: AHS-A2RSAS03.extapp.local | D4: IMH
A5: A122 | B5: TranA122 | C5: AHS-A2RSAS03.extapp.local | D5: IMH
A6: A125 | B6: TranA125 | C6: AHS-A2RSAS03.extapp.local | D6: IMH
A7: A126 | B7: TranA126 | C7: AHS-A2RSAS03.extapp.local | D7: IMH
A8: A127 | B8: TranA127 | C8: AHS-A2RSAS03.extapp.local | D8: IMH
A9: A128 | B9: TranA128 | C9: AHS-A2RSAS03.extapp.local | D9: IMH
A10: A129 | B10: TranA129 | C10: AHS-A2RSAS03.extapp.local | D10: IMH
A11: A130 | B11: TranA130 | C11: AHS-A2RSAS03.extapp.local | D11: IMH
A12: A132 | B12: TranA132 | C12: AHS-A2RSAS03.extapp.local | D12: IMH
... A62: E144 | B62: TranE144 | C62: AHS-A2ATRN03.extapp.local | D62: IMH

Sheet Milwaukee
A1: Facility Code | B1: Data Bases | C1: Server Name | D1: Site Name
A2: CCWI | B2: TranCCWI | C2: AHS-TRAN14.accretivehealth.local | D2: Milwaukee
A3: MCWI | B3: TranMCWI | C3: AHS-TRAN14.accretivehealth.local | D3: Milwaukee
A4: OCWI | B4: TranOCWI | C4: AHS-TRAN14.accretivehealth.local | D4: Milwaukee
A5: SHWI | B5: TranSHWI | C5: AHS-TRAN14.accretivehealth.local | D5: Milwaukee
A6: SMWI | B6: TranSMWI | C6: AHS-TRAN19.accretivehealth.local | D6: Milwaukee
A7: EKWI | B7: TranEKWI | C7: AHS-TRAN14.accretivehealth.local | D7: Milwaukee
A8: EOWI | B8: TranEOWI | C8: AHS-TRAN14.accretivehealth.local | D8: Milwaukee
A9: ESWI | B9: TranESWI | C9: AHS-TRAN14.accretivehealth.local | D9: Milwaukee

Sheet Wichita
A1: Facility Code | B1: Data Bases | C1: Server Name | D1: Site Name
A2: JAKS | B2: TranJAKS | C2: AHS-TRAN16.accretivehealth.local | D2: Wichita
A3: JBKS | B3: TranJBKS | C3: AHS-TRAN16.accretivehealth.local | D3: Wichita
A4: MHKS | B4: TranMHKS | C4: AHS-TRAN16.accretivehealth.local | D4: Wichita
A5: RHKS | B5: TranRHKS | C5: AHS-TRAN16.accretivehealth.local | D5: Wichita
A6: STKS | B6: TranSTKS | C6: AHS-TRAN16.accretivehealth.local | D6: Wichita
A7: VFKS | B7: TranVFKS | C7: AHS-TRAN16.accretivehealth.local | D7: Wichita
A8: VJKS | B8: TranVJKS | C8: AHS-TRAN16.accretivehealth.local | D8: Wichita
A9: VPKS | B9: TranVPKS | C9: AHS-TRAN16.accretivehealth.local | D9: Wichita
A10: VWKS | B10: TranVWKS | C10: AHS-TRAN16.accretivehealth.local | D10: Wichita
A11: WHKS | B11: TranWHKS | C11: AHS-TRAN16.accretivehealth.local | D11: Wichita

Sheet Wheaton
A1: Facility Code | B1: Data Bases | C1: Server Name | D1: Site Name
A2: ASWI | B2: TranASWI | C2: ALPTRAN28.accretivehealth.local | D2: Wheaton
A3: EMWI | B3: TranEMWI | C3: ALPTRAN28.accretivehealth.local | D3: Wheaton
A4: FNWI | B4: TranFNWI | C4: ALPTRAN28.accretivehealth.local | D4: Wheaton
A5: MWWI | B5: TranMWWI | C5: ALPTRAN28.accretivehealth.local | D5: Wheaton
A6: SFWI | B6: TranSFWI | C6: ALPTRAN28.accretivehealth.local | D6: Wheaton
A7: SJWI | B7: TranSJWI | C7: ALPTRAN28.accretivehealth.local | D7: Wheaton
A8: WPWI | B8: TranWPWI | C8: ALPTRAN29.accretivehealth.local | D8: Wheaton
A9: MOWI | B9: TranDCNT | C9: AHS-TRAN12.accretivehealth.local | D9: Wheaton

Sheet Presence
A1: Facility Code | B1: Data Bases | C1: Server Name | D1: Site Name
A2: JCIL | B2: TranJCIL | C2: ALPTRAN30.accretivehealth.local | D2: Presence
A3: JEIL | B3: TranJEIL | C3: ALPTRAN29.accretivehealth.local | D3: Presence
A4: PFIL | B4: TranPFIL | C4: ALPTRAN30.accretivehealth.local | D4: Presence
A5: PHIL | B5: TranPHIL | C5: ALPTRAN31.accretivehealth.local | D5: Presence
A6: PJIL | B6: TranPJIL | C6: ALPTRAN29.accretivehealth.local | D6: Presence
A7: PKIL | B7: TranPKIL | C7: ALPTRAN28.accretivehealth.local | D7: Presence
A8: PMIL | B8: TranPMIL | C8: ALPTRAN24.accretivehealth.local | D8: Presence
A9: PRIL | B9: TranPRIL | C9: ALPTRAN29.accretivehealth.local | D9: Presence
A10: PSIL | B10: TranPSIL | C10: ALPTRAN29.accretivehealth.local | D10: Presence

Sheet Ministry
A1: Facility Code | B1: Data Bases | C1: Server Name | D1: Site Name
A2: CAWI | B2: TranCAWI | C2: AHS-TRAN10.accretivehealth.local | D2: WI-Ministry
A3: CPWI | B3: TranCPWI | C3: ALPTRAN31.accretivehealth.local | D3: WI-Ministry
A4: ERWI | B4: TranERWI | C4: AHS-TRAN11.accretivehealth.local | D4: WI-Ministry
A5: HOWI | B5: TranHOWI | C5: AHS-TRAN12.accretivehealth.local | D5: WI-Ministry
A6: MEWI | B6: TranMEWI | C6: AHS-TRAN15.accretivehealth.local | D6: WI-Ministry
A7: MIWI | B7: TranMIWI | C7: ALPTRAN30.accretivehealth.local | D7: WI-Ministry
A8: MPWI | B8: TranMPWI | C8: ALPTRAN30.accretivehealth.local | D8: WI-Ministry
A9: MSWI | B9: TranMSWI | C9: AHS-TRAN12.accretivehealth.local | D9: WI-Ministry
A10: OLWI | B10: TranOLWI | C10: AHS-TRAN02.accretivehealth.local | D10: WI-Ministry
A11: SAWI | B11: TranSAWI | C11: AHS-TRAN15.accretivehealth.local | D11: WI-Ministry
A12: SBWI | B12: TranSBWI | C12: ALPTRAN30.accretivehealth.local | D12: WI-Ministry
... A18: CHWI | B18: TranCHWI | C18: AHS-TRAN14.accretivehealth.local | D18: WI-Ministry

Sheet Jacksonville
A1: Facility Code | B1: Data Bases | C1: Server Name | D1: Site
A2: SCFL | B2: TranSCFL | C2: AHS-TRAN20.accretivehealth.local | D2: Jacksonville
A3: SLFL | B3: TranSLFL | C3: AHS-TRAN20.accretivehealth.local | D3: Jacksonville
A4: SVFL | B4: TranSVFL | C4: AHS-TRAN20.accretivehealth.local | D4: Jacksonville
A5: SIFL | B5: TranSIFL | C5: ALPTRAN41.accretivehealth.local | D5: Jacksonville

Sheet Quorum
A1: Facility Code | B1: Data Bases | C1: Server Name | D1: Site Name
A2: QANM | B2: TranQANM | C2: ALPTRAN35.accretivehealth.local | D2: Quorum
A3: QAOH | B3: TranQAOH | C3: ALPTRAN33.accretivehealth.local | D3: Quorum
A4: QBCA | B4: TranQBCA | C4: ALPTRAN35.accretivehealth.local | D4: Quorum
A5: QBGA | B5: TranQBGA | C5: ALPTRAN34.accretivehealth.local | D5: Quorum
A6: QBTX | B6: TranQBTX | C6: ALPTRAN35.accretivehealth.local | D6: Quorum
A7: QCGA | B7: TranQCGA | C7: ALPTRAN34.accretivehealth.local | D7: Quorum
A8: QCIL | B8: TranQCIL | C8: ALPTRAN36.accretivehealth.local | D8: Quorum
A9: QDAL | B9: TranQDAL | C9: ALPTRAN36.accretivehealth.local | D9: Quorum
A10: QEWY | B10: TranQEWY | C10: ALPTRAN35.accretivehealth.local | D10: Quorum
A11: QFAR | B11: TranQFAR | C11: ALPTRAN37.accretivehealth.local | D11: Quorum
A12: QFGA | B12: TranQFGA | C12: ALPTRAN36.accretivehealth.local | D12: Quorum
... A40: HDAL | B40: TranHDAL | C40: AHS-Care05.accretivehealth.local | D40: Quorum

Sheet Pensacola
A1: Facility Code | B1: Data Bases | C1: Server Name | D1: Site Name
A2: BYFL | B2: TranBYFL | C2: AHS-TRAN12.accretivehealth.local | D2: Pensacola
A3: EMFL | B3: TranEMFL | C3: ALPTRAN27.accretivehealth.local | D3: Pensacola
A4: GCFL | B4: TranGCFL | C4: ALPTRAN27.accretivehealth.local | D4: Pensacola
A5: SHFL | B5: TranSHFL | C5: ALPTRAN27.accretivehealth.local | D5: Pensacola

Sheet INDY
A1: Facility Code | B1: Data Bases | C1: Server Name | D1: Site Name
A2: AARX | B2: TranAARX | C2: ALPTRAN31.accretivehealth.local | D2: Indianapolis
A3: ASIN | B3: TranASIN | C3: AHS-TRAN10.accretivehealth.local | D3: Indianapolis
A4: CARX | B4: TranCARX | C4: ALPTRAN31.accretivehealth.local | D4: Indianapolis
A5: CLIN | B5: TranCLIN | C5: AHS-TRAN10.accretivehealth.local | D5: Indianapolis
A6: DARX | B6: TranDARX | C6: ALPTRAN31.accretivehealth.local | D6: Indianapolis
A7: ECIN | B7: TranECIN | C7: AHS-TRAN10.accretivehealth.local | D7: Indianapolis
A8: HARX | B8: TranHARX | C8: ALPTRAN31.accretivehealth.local | D8: Indianapolis
A9: IARX | B9: TranIARX | C9: ALPTRAN31.accretivehealth.local | D9: Indianapolis
A10: NRIN | B10: TranNRIN | C10: AHS-TRAN11.accretivehealth.local | D10: Indianapolis
A11: NVIN | B11: TranNVIN | C11: ALPTRAN33.accretivehealth.local | D11: Indianapolis
A12: SARX | B12: TranSARX | C12: ALPTRAN31.accretivehealth.local | D12: Indianapolis
... A29: VWIN | B29: TranVWIN | C29: ALPTRAN26.accretivehealth.local | D29: Indianapolis

Sheet LifePoint
A1: Facility Code | B1: Data Bases | C1: Server Name | D1: Site Name
A2: LAAL | B2: TranLAAL | C2: AHS-Tran11.accretivehealth.local | D2: Lifepoint
A3: LAPA | B3: TranLAPA | C3: AHS-Tran11.accretivehealth.local | D3: Lifepoint
A4: LBMI | B4: TranLBMI | C4: AHS-Tran11.accretivehealth.local | D4: Lifepoint
A5: LCWA | B5: TranLCWA | C5: AHS-TRAN12.accretivehealth.local | D5: Lifepoint
A6: LFNC | B6: TranLFNC | C6: AHS-Tran11.accretivehealth.local | D6: Lifepoint
A7: LFVA | B7: TranLFVA | C7: AHS-Tran11.accretivehealth.local | D7: Lifepoint
A8: LHSC | B8: TranLHSC | C8: AHS-TRAN12.accretivehealth.local | D8: Lifepoint
A9: LIMI | B9: TranLIMI | C9: AHS-TRAN11.accretivehealth.local | D9: Lifepoint
A10: LJID | B10: TranLJID | C10: AHS-TRAN12.accretivehealth.local | D10: Lifepoint
A11: LLKY | B11: TranLLKY | C11: AHS-Tran11.accretivehealth.local | D11: Lifepoint
A12: LLMT | B12: TranLLMT | C12: AHS-TRAN12.accretivehealth.local | D12: Lifepoint
... A32: LMMH | B32: TranLMMH | C32: AHS-TRAN11.accretivehealth.local | D32: Lifepoint

Sheet MasterLog
A1: Facility Code | B1: Data Bases | C1: Server Name | D1: Site Name
A2: LBMI | B2: TranLBMI | C2: AHS-Tran11.accretivehealth.local | D2: Lifepoint
A3: LFVA | B3: TranLFVA | C3: AHS-Tran11.accretivehealth.local | D3: Lifepoint
A4: LJID | B4: TranLJID | C4: AHS-TRAN12.accretivehealth.local | D4: Lifepoint
A5: LNOH | B5: TranLNOH | C5: AHS-Tran11.accretivehealth.local | D5: Lifepoint
A6: LOTX | B6: TranLOTX | C6: AHS-TRAN12.accretivehealth.local | D6: Lifepoint
A7: LPMI | B7: TranLPMI | C7: AHS-Tran11.accretivehealth.local | D7: Lifepoint
A8: CAWI | B8: TranCAWI | C8: AHS-TRAN10.accretivehealth.local | D8: WI-Ministry
A9: ERWI | B9: TranERWI | C9: AHS-TRAN11.accretivehealth.local | D9: WI-Ministry
A10: HOWI | B10: TranHOWI | C10: AHS-TRAN12.accretivehealth.local | D10: WI-Ministry
A11: MEWI | B11: TranMEWI | C11: AHS-TRAN15.accretivehealth.local | D11: WI-Ministry
A12: MIWI | B12: TranMIWI | C12: ALPTRAN30.accretivehealth.local | D12: WI-Ministry
... A18: LMMH | B18: TranLMMH | C18: AHS-TRAN11.accretivehealth.local | D18: Lifepoint

Sheet Borgess
A1: Facility Code | B1: Data Bases | C1: Server Name | D1: Site
A2: BACC | B2: TranBACC | C2: AHS-TRAN19.accretivehealth.local | D2: Borgess
A3: BOAH | B3: TranBOAH | C3: ALPTRAN33.accretivehealth.local | D3: Borgess
A4: BOLE | B4: TranBOLE | C4: AHS-TRAN19.accretivehealth.local | D4: Borgess
A5: BOMC | B5: TranBOMC | C5: AHS-TRAN19.accretivehealth.local | D5: Borgess
A6: BPHC | B6: TranBPHC | C6: AHS-TRAN19.accretivehealth.local | D6: Borgess

Sheet VarianceReport
A1: Facility Code | B1: Data Bases | C1: Server Name | D1: Site Name
A2: CHMI | B2: TranCHMI | C2: ALPTRAN25.accretivehealth.local | D2: Detroit East
A3: SJMA | B3: TranSJMA | C3: AHS-TRAN01.accretivehealth.local | D3: Detroit East
A4: SJMC | B4: TranSJMC | C4: AHS-TRAN08.accretivehealth.local | D4: Detroit East
A5: SJOK | B5: TranSJOK | C5: AHS-TRAN01.accretivehealth.local | D5: Detroit East
A6: SJPK | B6: TranSJPK | C6: AHS-TRAN20.accretivehealth.local | D6: Detroit West
A7: SJPR | B7: TranSJPR | C7: AHS-TRAN20.accretivehealth.local | D7: Detroit West
A8: SJRD | B8: TranSJRD | C8: AHS-TRAN01.accretivehealth.local | D8: Detroit East

Sheet Providence
A1: Facility Code | B1: Data Bases | C1: Server Name | D1: Site Name
A2: P166 | B2: TranP166 | C2: PRDR1ACWSQL01.accretivehealth.local | D2: Providence
A3: P167 | B3: TranP167 | C3: PRDR1ACWSQL01.accretivehealth.local | D3: Providence
A4: P168 | B4: TranP168 | C4: PRDR1ACWSQL01.accretivehealth.local | D4: Providence
A5: P169 | B5: TranP169 | C5: PRDR1ACWSQL01.accretivehealth.local | D5: Providence
A6: P170 | B6: TranP170 | C6: PRDR1ACWSQL01.accretivehealth.local | D6: Providence
A7: P171 | B7: TranP171 | C7: PRDR1ACWSQL01.accretivehealth.local | D7: Providence
A8: P172 | B8: TranP172 | C8: PRDR1ACWSQL01.accretivehealth.local | D8: Providence
A9: P173 | B9: TranP173 | C9: PRDR1ACWSQL01.accretivehealth.local | D9: Providence
A10: P100 | B10: TranP100 | C10: AHS-Care05.accretivehealth.local | D10: Providence
A11: P101 | B11: TranP101 | C11: AHS-Care05.accretivehealth.local | D11: Providence
A12: P102 | B12: TranP102 | C12: AHS-Care05.accretivehealth.local | D12: Providence
... A56: P205 | B56: TranP205 | C56: AHS-Care05.accretivehealth.local | D56: Providence

Sheet Baltimore_new
A1: Facility Code | B1: Data Bases | C1: Server Name | D1: Site Name
A2: SJMC | B2: TranSJMC | C2: AHS-TRAN08.accretivehealth.local | D2: Detroit East

Sheet All Sites
A1: Facility Code | B1: Data Bases | C1: Server Name | D1: Site Name
A2: A116 | B2: TranA116 | C2: AHS-A2RSAS03.extapp.local | D2: IMH
A3: A118 | B3: TranA118 | C3: AHS-A2RSAS03.extapp.local | D3: IMH
A4: A120 | B4: TranA120 | C4: AHS-A2RSAS03.extapp.local | D4: IMH
A5: A122 | B5: TranA122 | C5: AHS-A2RSAS03.extapp.local | D5: IMH
A6: A124 | B6: TranA124 | C6: AHS-A2RSAS03.extapp.local | D6: IMH
A7: A125 | B7: TranA125 | C7: AHS-A2RSAS03.extapp.local | D7: IMH
A8: A126 | B8: TranA126 | C8: AHS-A2RSAS03.extapp.local | D8: IMH
A9: A127 | B9: TranA127 | C9: AHS-A2RSAS03.extapp.local | D9: IMH
A10: A128 | B10: TranA128 | C10: AHS-A2RSAS03.extapp.local | D10: IMH
A11: A129 | B11: TranA129 | C11: AHS-A2RSAS03.extapp.local | D11: IMH
A12: A130 | B12: TranA130 | C12: AHS-A2RSAS03.extapp.local | D12: IMH
... A349: E192 | B349: Tran192 | C349: AHS-A2ATRN02.extapp.local | D349: Intermountain Health

Sheet WWM
A1: Facility Code | B1: Data Bases | C1: Server Name | D1: Site Name
A2: ASWI | B2: TranASWI | C2: ALPTRAN28.accretivehealth.local | D2: Wheaton
A3: EMWI | B3: TranEMWI | C3: ALPTRAN28.accretivehealth.local | D3: Wheaton
A4: FNWI | B4: TranFNWI | C4: ALPTRAN28.accretivehealth.local | D4: Wheaton
A5: MWWI | B5: TranMWWI | C5: ALPTRAN28.accretivehealth.local | D5: Wheaton
A6: SFWI | B6: TranSFWI | C6: ALPTRAN28.accretivehealth.local | D6: Wheaton
A7: SJWI | B7: TranSJWI | C7: ALPTRAN28.accretivehealth.local | D7: Wheaton
A8: CHWI | B8: TranCHWI | C8: AHS-TRAN14.accretivehealth.local | D8: WI-Ministry
A9: EEWI | B9: TranEEWI | C9: AHS-TRAN14.accretivehealth.local | D9: WI-Ministry
A10: ESWI | B10: TranESWI | C10: AHS-TRAN14.accretivehealth.local | D10: Milwaukee
A11: MHWI | B11: TranMHWI | C11: AHS-TRAN14.accretivehealth.local | D11: WI-Ministry
A12: EKWI | B12: TranEKWI | C12: AHS-TRAN14.accretivehealth.local | D12: Milwaukee
... A14: MOWI | B14: TranMOWI | C14: AHS-TRAN12.accretivehealth.local | D14: Wheaton

Sheet Bad Debt
A1: Facility Code | B1: Data Bases | C1: Server Name | D1: Site Name
A2: ASIN | B2: TranASIN | C2: AHS-TRAN10.accretivehealth.local | D2: Indianapolis
A3: ASWI | B3: TranASWI | C3: ALPTRAN28.accretivehealth.local | D3: Wheaton
A4: BACC | B4: TranBACC | C4: AHS-TRAN19.accretivehealth.local | D4: Borgess
A5: BAOK | B5: TranBAOK | C5: AHS-TRAN18.accretivehealth.local | D5: Tulsa
A6: BHTN | B6: TranBHTN | C6: AHS-TRAN15.accretivehealth.local | D6: Nashville
A7: BMAL | B7: TranBMAL | C7: AHS-TRAN17.accretivehealth.local | D7: Birmingham
A8: BOAH | B8: TranBOAH | C8: ALPTRAN33.accretivehealth.local | D8: Borgess
A9: BOLE | B9: TranBOLE | C9: AHS-TRAN19.accretivehealth.local | D9: Borgess
A10: BOMC | B10: TranBOMC | C10: AHS-TRAN19.accretivehealth.local | D10: Borgess
A11: BPHC | B11: TranBPHC | C11: AHS-TRAN19.accretivehealth.local | D11: Borgess
A12: BSTX | B12: TranBSTX | C12: ALPTRAN31.accretivehealth.local | D12: Austin
... A111: HKTN | B111: TranHKTN | C111: ALPTRAN27.accretivehealth.local | D111: Nashville

Sheet Medicare
A1: Facility Code | B1: Data Bases | C1: Server Name | D1: Site Name
A2: AAIL | B2: =VLOOKUP(A2,'All Sites'!$A$1:$B$346,2,0) -> TranAAIL | C2: ALPTRAN33.accretivehealth.local | D2: Amita
A3: HBIL | B3: =VLOOKUP(A3,'All Sites'!$A$1:$B$346,2,0) -> TranHBIL | C3: ALPTRAN33.accretivehealth.local | D3: Amita
A4: SAIL | B4: =VLOOKUP(A4,'All Sites'!$A$1:$B$346,2,0) -> TranSAIL | C4: ALPTRAN33.accretivehealth.local | D4: Amita
A5: BSTX | B5: =VLOOKUP(A5,'All Sites'!$A$1:$B$346,2,0) -> TranBSTX | C5: ALPTRAN31.accretivehealth.local | D5: Austin
A6: DCNT | B6: =VLOOKUP(A6,'All Sites'!$A$1:$B$346,2,0) -> TranDCNT | C6: AHS-TRAN40.accretivehealth.local | D6: Austin
A7: DCTX | B7: =VLOOKUP(A7,'All Sites'!$A$1:$B$346,2,0) -> TranDCTX | C7: ALPTRAN24.accretivehealth.local | D7: Austin
A8: DSTX | B8: =VLOOKUP(A8,'All Sites'!$A$1:$B$346,2,0) -> TranDSTX | C8: ALPTRAN24.accretivehealth.local | D8: Austin
A9: EDTX | B9: =VLOOKUP(A9,'All Sites'!$A$1:$B$346,2,0) -> TranEDTX | C9: ALPTRAN23.accretivehealth.local | D9: Austin
A10: HLTX | B10: =VLOOKUP(A10,'All Sites'!$A$1:$B$346,2,0) -> TranHLTX | C10: ALPTRAN23.accretivehealth.local | D10: Austin
A11: HMTX | B11: =VLOOKUP(A11,'All Sites'!$A$1:$B$346,2,0) -> TranHMTX | C11: ALPTRAN23.accretivehealth.local | D11: Austin
A12: MCTX | B12: =VLOOKUP(A12,'All Sites'!$A$1:$B$346,2,0) -> TranMCTX | C12: ALPTRAN23.accretivehealth.local | D12: Austin
A13: PHTX | B13: =VLOOKUP(A13,'All Sites'!$A$1:$B$346,2,0) -> TranPHTX | C13: ALPTRAN27.accretivehealth.local | D13: Austin
... A50: STTN | B50: =VLOOKUP(A50,'All Sites'!$A$1:$B$346,2,0) -> TranSTTN | C50: AHS-TRAN19.accretivehealth.local | D50: Nashville
A51: THTN | B51: TranTHTN | C51: ALPTRAN27.accretivehealth.local | D51: Nashville
A52: BYFL | B52: =VLOOKUP(A52,'All Sites'!$A$1:$B$346,2,0) -> TranBYFL | C52: AHS-TRAN12.accretivehealth.local | D52: Pensacola
A53: EMFL | B53: =VLOOKUP(A53,'All Sites'!$A$1:$B$346,2,0) -> TranEMFL | C53: ALPTRAN27.accretivehealth.local | D53: Pensacola
A54: GCFL | B54: =VLOOKUP(A54,'All Sites'!$A$1:$B$346,2,0) -> TranGCFL | C54: ALPTRAN27.accretivehealth.local | D54: Pensacola
A55: SHFL | B55: =VLOOKUP(A55,'All Sites'!$A$1:$B$346,2,0) -> TranSHFL | C55: ALPTRAN27.accretivehealth.local | D55: Pensacola
A56: JCIL | B56: =VLOOKUP(A56,'All Sites'!$A$1:$B$346,2,0) -> TranJCIL | C56: ALPTRAN30.accretivehealth.local | D56: Presence
A57: BAOK | B57: =VLOOKUP(A57,'All Sites'!$A$1:$B$346,2,0) -> TranBAOK | C57: AHS-TRAN18.accretivehealth.local | D57: Tulsa
A58: JKOK | B58: =VLOOKUP(A58,'All Sites'!$A$1:$B$346,2,0) -> TranJKOK | C58: AHS-TRAN18.accretivehealth.local | D58: Tulsa
A59: JPOK | B59: =VLOOKUP(A59,'All Sites'!$A$1:$B$346,2,0) -> TranJPOK | C59: AHS-TRAN18.accretivehealth.local | D59: Tulsa
A60: MCOK | B60: =VLOOKUP(A60,'All Sites'!$A$1:$B$346,2,0) -> TranMCOK | C60: AHS-TRAN18.accretivehealth.local | D60: Tulsa
A61: NHOK | B61: =VLOOKUP(A61,'All Sites'!$A$1:$B$346,2,0) -> TranNHOK | C61: AHS-TRAN18.accretivehealth.local | D61: Tulsa
A62: OHOK | B62: =VLOOKUP(A62,'All Sites'!$A$1:$B$346,2,0) -> TranOHOK | C62: AHS-TRAN18.accretivehealth.local | D62: Tulsa
A63: SPOK | B63: =VLOOKUP(A63,'All Sites'!$A$1:$B$346,2,0) -> TranSPOK | C63: AHS-TRAN18.accretivehealth.local | D63: Tulsa
... A83: HKTN | B83: =VLOOKUP(A83,'All Sites'!$A$1:$B$346,2,0) -> TranHKTN | C83: ALPTRAN27.accretivehealth.local | D83: Nashville
A84: ALIL | B84: TranALIL | C84: ALPTRAN33.accretivehealth.local
A85: JAKS | B85: TranJAKS | C85: AHS-TRAN16.accretivehealth.local
A86: SSIN

Sheet AAIL
A1: Facility Code | B1: Data Bases | C1: Server Name | D1: Site Name
A2: AAIL | B2: =VLOOKUP(A2,'All Sites'!$A$1:$B$346,2,0) -> TranAAIL | C2: ALPTRAN33.accretivehealth.local | D2: Amita

Sheet Saginaw
A1: Facility Code | B1: Data Bases | C1: Server Name | D1: Site Name
A2: SMMC | B2: TranSMMC | C2: AHS-TRAN02.accretivehealth.local | D2: Saginaw
A3: SMSH | B3: TranSMSH | C3: AHS-TRAN02.accretivehealth.local | D3: Saginaw
A4: TAWA | B4: TranTAWA | C4: AHS-TRAN02.accretivehealth.local | D4: Saginaw

Sheet Recurring
A1: Facility Code | B1: Data Bases | C1: Server Name | D1: Site Name
A2: AARX | B2: TranAARX | C2: ALPTRAN31.accretivehealth.local | D2: Indianapolis
A3: ASIN | B3: TranASIN | C3: AHS-TRAN10.accretivehealth.local | D3: Indianapolis
A4: BACC | B4: TranBACC | C4: AHS-TRAN19.accretivehealth.local | D4: Borgess
A5: BAOK | B5: TranBAOK | C5: AHS-TRAN18.accretivehealth.local | D5: Tulsa
A6: BHTN | B6: TranBHTN | C6: AHS-TRAN15.accretivehealth.local | D6: Nashville
A7: BMAL | B7: TranBMAL | C7: AHS-TRAN17.accretivehealth.local | D7: Birmingham
A8: BOAH | B8: TranBOAH | C8: ALPTRAN33.accretivehealth.local | D8: Borgess
A9: BOLE | B9: TranBOLE | C9: AHS-TRAN19.accretivehealth.local | D9: Borgess
A10: BOMC | B10: TranBOMC | C10: AHS-TRAN19.accretivehealth.local | D10: Borgess
A11: BPHC | B11: TranBPHC | C11: AHS-TRAN19.accretivehealth.local | D11: Borgess
A12: BSTX | B12: TranBSTX | C12: ALPTRAN31.accretivehealth.local | D12: Austin
... A113: LMMH | B113: TranLMMH | C113: AHS-TRAN11.accretivehealth.local | D113: Lifepoint

Sheet A104
A1: Facility Code | B1: Data Bases | C1: Server Name | D1: Site
A2: ABIL | B2: TranABIL | C2: ALPTRAN33.accretivehealth.local | D2: Amita
A3: AGIL | B3: TranAGIL | C3: ALPTRAN33.accretivehealth.local | D3: AMITA
A4: AHIL | B4: TranAHIL | C4: ALPTRAN33.accretivehealth.local | D4: Amita
A5: ALIL | B5: TranALIL | C5: ALPTRAN33.accretivehealth.local | D5: Amita
A6: AMIL | B6: TranAMIL | C6: ALPTRAN33.accretivehealth.local | D6: Amita
A7: ASWI | B7: TranASWI | C7: ALPTRAN28.accretivehealth.local | D7: Wheaton
A8: BACC | B8: TranBACC | C8: AHS-TRAN19.accretivehealth.local | D8: Borgess
A9: BAOK | B9: TranBAOK | C9: AHS-TRAN18.accretivehealth.local | D9: Tulsa
A10: BHTN | B10: TranBHTN | C10: AHS-TRAN15.accretivehealth.local | D10: Nashville
A11: BMAL | B11: TranBMAL | C11: AHS-TRAN17.accretivehealth.local | D11: Birmingham
A12: BOAH | B12: TranBOAH | C12: ALPTRAN33.accretivehealth.local | D12: Borgess
... A109: ESWI | B109: TranESWI | C109: AHS-TRAN14.accretivehealth.local | D109: Milwaukee

Sheet Sutter
A1: Facility Code | B1: Data Bases | C1: Server Name | D1: Site
A2: SHBC | B2: TranSHBC | C2: ALPA2ATRN43.extapp.local | D2: Sutter
A3: SMHC | B3: TranSMHC | C3: ALPA2ATRN42.extapp.local | D3: Sutter
A4: SPMC | B4: TranSPMC | C4: ALPA2ATRN42.extapp.local | D4: Sutter
A5: SSPC | B5: TranSSPC | C5: ALPA2ATRN42.extapp.local | D5: Sutter
A6: SDAC | B6: TranSDAC | C6: ALPA2ATRN43.extapp.local | D6: Sutter
A7: SMEC | B7: TranSMEC | C7: ALPA2ATRN43.extapp.local | D7: Sutter
A8: SAFC | B8: TranSAFC | C8: ALPA2ATRN43.extapp.local | D8: Sutter
A9: SROC | B9: TranSROC | C9: ALPA2ATRN43.extapp.local | D9: Sutter
A10: SVSC | B10: TranSVSC | C10: ALPA2ATRN43.extapp.local | D10: Sutter
A11: STCC | B11: TranSTCC | C11: ALPA2ATRN43.extapp.local | D11: Sutter
A12: SAMC | B12: TranSAMC | C12: ALPA2ATRN42.extapp.local | D12: Sutter
... A28: SCPC | B28: TranSCPC | C28: ALPA2ATRN43.extapp.local | D28: Sutter

Sheet St  Clair
A1: Facility Code | B1: Data Bases | C1: Server Name | D1: Site
A2: SCPA | B2: TranSCPA | C2: ALPA2ATRN34.accretivehealth.local | D2: St. Clair

Sheet Extra
A1: Facility Code | B1: Data Bases | C1: Server Name | D1: Site Name
A2: RHTX | B2: TranRHTX | C2: ALPTRAN31.accretivehealth.local | D2: Austin
A3: PHTX | B3: TranPHTX | C3: ALPTRAN27.accretivehealth.local | D3: Austin
A4: BPHC | B4: TranBPHC | C4: AHS-TRAN19.accretivehealth.local | D4: Borgess
A5: BACC | B5: TranBACC | C5: AHS-TRAN19.accretivehealth.local | D5: Borgess
A6: BOAH | B6: TranBOAH | C6: ALPTRAN33.accretivehealth.local | D6: Borgess
A7: VDIN | B7: TranVDIN | C7: ALPTRAN25.accretivehealth.local | D7: Indianapolis
A8: SWIN | B8: TranSWIN | C8: ALPTRAN29.accretivehealth.local | D8: Indianapolis
A9: NVIN | B9: TranNVIN | C9: ALPTRAN33.accretivehealth.local | D9: Indianapolis
A10: OCWI | B10: TranOCWI | C10: AHS-TRAN14.accretivehealth.local | D10: Milwaukee
A11: SHWI | B11: TranSHWI | C11: AHS-TRAN14.accretivehealth.local | D11: Milwaukee
A12: SMWI | B12: TranSMWI | C12: AHS-TRAN19.accretivehealth.local | D12: Milwaukee
... A111: A104 | B111: TranA104 | C111: AHS-A2RSAS03.extapp.local | D111: IMH

Sheet Only_Ascension_Sites
A1: Facility Code | B1: Data Bases | C1: Server Name | D1: Site
A2: AARX | B2: TranAARX | C2: ALPTRAN31.accretivehealth.local | D2: Indianapolis
A3: ABIL | B3: TranABIL | C3: ALPTRAN33.accretivehealth.local | D3: Amita
A4: AGIL | B4: TranAGIL | C4: ALPTRAN33.accretivehealth.local | D4: AMITA
A5: AHIL | B5: TranAHIL | C5: ALPTRAN33.accretivehealth.local | D5: Amita
A6: ALIL | B6: TranALIL | C6: ALPTRAN33.accretivehealth.local | D6: Amita
A7: AMIL | B7: TranAMIL | C7: ALPTRAN33.accretivehealth.local | D7: Amita
A8: ASIN | B8: TranASIN | C8: AHS-TRAN10.accretivehealth.local | D8: Indianapolis
A9: ASWI | B9: TranASWI | C9: ALPTRAN28.accretivehealth.local | D9: Wheaton
A10: BACC | B10: TranBACC | C10: AHS-TRAN19.accretivehealth.local | D10: Borgess
A11: BAOK | B11: TranBAOK | C11: AHS-TRAN18.accretivehealth.local | D11: Tulsa
A12: BHTN | B12: TranBHTN | C12: AHS-TRAN15.accretivehealth.local | D12: Nashville
... A150: ESWI | B150: TranESWI | C150: AHS-TRAN14.accretivehealth.local | D150: Milwaukee

Sheet Birmingham
A1: Facility Code | B1: Data Bases | C1: Server Name | D1: Site
A2: BMAL | B2: TranBMAL | C2: AHS-TRAN17.accretivehealth.local | D2: Birmingham
A3: BTAL | B3: TranBTAL | C3: AHS-TRAN17.accretivehealth.local | D3: Birmingham
A4: CHAL | B4: TranCHAL | C4: AHS-TRAN22.accretivehealth.local | D4: Birmingham
A5: ESAL | B5: TranESAL | C5: AHS-TRAN17.accretivehealth.local | D5: Birmingham
A6: SCAL | B6: TranSCAL | C6: AHS-TRAN17.accretivehealth.local | D6: Birmingham
A7: PMAL | B7: TranPMAL | C7: ALPTRAN28.accretivehealth.local | D7: Birmingham

Sheet Net
A1: Facility Code | B1: Data Bases | C1: Server Name | D1: Site Name
A2: AARX | B2: TranAARX | C2: ALPTRAN31.accretivehealth.local | D2: Indianapolis
A3: ASIN | B3: TranASIN | C3: AHS-TRAN10.accretivehealth.local | D3: Indianapolis
A4: ASWI | B4: TranASWI | C4: ALPTRAN28.accretivehealth.local | D4: Wheaton
A5: BHTN | B5: TranBHTN | C5: AHS-TRAN15.accretivehealth.local | D5: Nashville
A6: BMAL | B6: TranBMAL | C6: AHS-TRAN17.accretivehealth.local | D6: Birmingham
A7: BSTX | B7: TranBSTX | C7: ALPTRAN31.accretivehealth.local | D7: Austin
A8: BTAL | B8: TranBTAL | C8: AHS-TRAN17.accretivehealth.local | D8: Birmingham
A9: BYFL | B9: TranBYFL | C9: AHS-TRAN12.accretivehealth.local | D9: Pensacola
A10: CARX | B10: TranCARX | C10: ALPTRAN31.accretivehealth.local | D10: Indianapolis
A11: CHAL | B11: TranCHAL | C11: AHS-TRAN22.accretivehealth.local | D11: Birmingham
A12: CLIN | B12: TranCLIN | C12: AHS-TRAN10.accretivehealth.local | D12: Indianapolis
... A104: USAL | B104: TranUSAL | C104: ALPTRAN30.accretivehealth.local | D104: Birmingham
